kode_prov;kode_bps_2014;kode_bps_2019;name_prov;name_kab_2014;name_kab_2019;dapil_2019;dapil 2014;change_14_19
11;1101;1101;Aceh;Simeulue;Simeulue;Aceh-01;Aceh-01;No Change
11;1102;1102;Aceh;Aceh Singkil;Aceh Singkil;Aceh-01;Aceh-01;No Change
11;1103;1103;Aceh;Aceh Selatan;Aceh Selatan;Aceh-01;Aceh-01;No Change
11;1104;1104;Aceh;Aceh Tenggara;Aceh Tenggara;Aceh-01;Aceh-01;No Change
11;1105;1105;Aceh;Aceh Timur;Aceh Timur;Aceh-02;Aceh-02;No Change
11;1106;1106;Aceh;Aceh Tengah;Aceh Tengah;Aceh-02;Aceh-02;No Change
11;1107;1107;Aceh;Aceh Barat;Aceh Barat;Aceh-01;Aceh-01;No Change
11;1108;1108;Aceh;Aceh Besar;Aceh Besar;Aceh-01;Aceh-01;No Change
11;1109;1109;Aceh;Aceh Pidie;Aceh Pidie;Aceh-01;Aceh-01;No Change
11;1110;1110;Aceh;Bireuen;Bireuen;Aceh-02;Aceh-02;No Change
11;1111;1111;Aceh;Aceh Utara;Aceh Utara;Aceh-02;Aceh-02;No Change
11;1112;1112;Aceh;Aceh Barat Daya;Aceh Barat Daya;Aceh-01;Aceh-01;No Change
11;1113;1113;Aceh;Gayo Lues;Gayo Lues;Aceh-01;Aceh-01;No Change
11;1114;1114;Aceh;Aceh Tamiang;Aceh Tamiang;Aceh-02;Aceh-02;No Change
11;1115;1115;Aceh;Nagan Raya;Nagan Raya;Aceh-01;Aceh-01;No Change
11;1116;1116;Aceh;Aceh Jaya;Aceh Jaya;Aceh-01;Aceh-01;No Change
11;1117;1117;Aceh;Bener Meriah;Bener Meriah;Aceh-02;Aceh-02;No Change
11;1118;1118;Aceh;Pidie Jaya;Pidie Jaya;Aceh-01;Aceh-01;No Change
11;1171;1171;Aceh;Banda Aceh;Banda Aceh;Aceh-01;Aceh-01;No Change
11;1172;1172;Aceh;Sabang;Sabang;Aceh-01;Aceh-01;No Change
11;1173;1173;Aceh;Langsa;Langsa;Aceh-02;Aceh-02;No Change
11;1174;1174;Aceh;Lhokseumawe;Lhokseumawe;Aceh-02;Aceh-02;No Change
11;1175;1175;Aceh;Subulussalam;Subulussalam;Aceh-01;Aceh-01;No Change
12;1201;1201;Sumatera Utara;Nias;Nias;Sumut-02;Sumut-02;No Change
12;1202;1202;Sumatera Utara;Mandailing Natal;Mandailing Natal;Sumut-02;Sumut-02;No Change
12;1203;1203;Sumatera Utara;Tapanuli Selatan;Tapanuli Selatan;Sumut-02;Sumut-02;No Change
12;1204;1204;Sumatera Utara;Tapanuli Tengah;Tapanuli Tengah;Sumut-02;Sumut-02;No Change
12;1205;1205;Sumatera Utara;Tapanuli Utara;Tapanuli Utara;Sumut-02;Sumut-02;No Change
12;1206;1206;Sumatera Utara;Toba Samosir;Toba Samosir;Sumut-02;Sumut-02;No Change
12;1207;1207;Sumatera Utara;Labuhan Batu;Labuhan Batu;Sumut-02;Sumut-02;No Change
12;1208;1208;Sumatera Utara;Asahan;Asahan;Sumut-03;Sumut-03;No Change
12;1209;1209;Sumatera Utara;Simalungun;Simalungun;Sumut-03;Sumut-03;No Change
12;1210;1210;Sumatera Utara;Dairi;Dairi;Sumut-03;Sumut-03;No Change
12;1211;1211;Sumatera Utara;Tanah Karo;Tanah Karo;Sumut-03;Sumut-03;No Change
12;1212;1212;Sumatera Utara;Deli Serdang;Deli Serdang;Sumut-01;Sumut-01;No Change
12;1213;1213;Sumatera Utara;Langkat;Langkat;Sumut-03;Sumut-03;No Change
12;1214;1214;Sumatera Utara;Nias Selatan;Nias Selatan;Sumut-02;Sumut-02;No Change
12;1215;1215;Sumatera Utara;Humbang Hasundutan;Humbang Hasundutan;Sumut-02;Sumut-02;No Change
12;1216;1216;Sumatera Utara;Pakpak Bharat;Pakpak Bharat;Sumut-03;Sumut-03;No Change
12;1217;1217;Sumatera Utara;Samosir;Samosir;Sumut-02;Sumut-02;No Change
12;1218;1218;Sumatera Utara;Serdang Bedagai;Serdang Bedagai;Sumut-01;Sumut-01;No Change
12;1219;1219;Sumatera Utara;Batu Bara;Batu Bara;Sumut-03;Sumut-03;No Change
12;1220;1220;Sumatera Utara;Padang Lawas Utara;Padang Lawas Utara;Sumut-02;Sumut-02;No Change
12;1221;1221;Sumatera Utara;Padang Lawas;Padang Lawas;Sumut-02;Sumut-02;No Change
12;1222;1222;Sumatera Utara;Labuhan Batu Selatan;Labuhan Batu Selatan;Sumut-02;Sumut-02;No Change
12;1223;1223;Sumatera Utara;Labuhan Batu Utara;Labuhan Batu Utara;Sumut-02;Sumut-02;No Change
12;1224;1224;Sumatera Utara;Nias Utara;Nias Utara;Sumut-02;Sumut-02;No Change
12;1225;1225;Sumatera Utara;Nias Barat;Nias Barat;Sumut-02;Sumut-02;No Change
12;1271;1271;Sumatera Utara;Sibolga;Sibolga;Sumut-02;Sumut-02;No Change
12;1272;1272;Sumatera Utara;Tanjung Balai;Tanjung Balai;Sumut-03;Sumut-03;No Change
12;1273;1273;Sumatera Utara;Pematang Siantar;Pematang Siantar;Sumut-03;Sumut-03;No Change
12;1274;1274;Sumatera Utara;Tebing Tinggi;Tebing Tinggi;Sumut-01;Sumut-01;No Change
12;1275;1275;Sumatera Utara;Medan;Medan;Sumut-01;Sumut-01;No Change
12;1276;1276;Sumatera Utara;Binjai;Binjai;Sumut-03;Sumut-03;No Change
12;1277;1277;Sumatera Utara;Padang Sidempuan;Padang Sidempuan;Sumut-02;Sumut-02;No Change
12;1278;1278;Sumatera Utara;Gunung Sitoli;Gunung Sitoli;Sumut-02;Sumut-02;No Change
13;1301;1301;Sumatera Barat;Kepulauan Mentawai;Kepulauan Mentawai;Sumbar-01;Sumbar-01;No Change
13;1302;1302;Sumatera Barat;Pesisir Selatan;Pesisir Selatan;Sumbar-01;Sumbar-01;No Change
13;1303;1303;Sumatera Barat;Solok;Solok;Sumbar-01;Sumbar-01;No Change
13;1304;1304;Sumatera Barat;Sawahlunto Sijunjung;Sawahlunto Sijunjung;Sumbar-01;Sumbar-01;No Change
13;1305;1305;Sumatera Barat;Tanah Datar;Tanah Datar;Sumbar-01;Sumbar-01;No Change
13;1306;1306;Sumatera Barat;Padang Pariaman;Padang Pariaman;Sumbar-02;Sumbar-02;No Change
13;1307;1307;Sumatera Barat;Agam;Agam;Sumbar-02;Sumbar-02;No Change
13;1308;1308;Sumatera Barat;Limapuluh Kota;Limapuluh Kota;Sumbar-02;Sumbar-02;No Change
13;1309;1309;Sumatera Barat;Pasaman;Pasaman;Sumbar-02;Sumbar-02;No Change
13;1310;1310;Sumatera Barat;Solok Selatan;Solok Selatan;Sumbar-01;Sumbar-01;No Change
13;1311;1311;Sumatera Barat;Dharmas Raya;Dharmas Raya;Sumbar-01;Sumbar-01;No Change
13;1312;1312;Sumatera Barat;Pasaman Barat;Pasaman Barat;Sumbar-02;Sumbar-02;No Change
13;1371;1371;Sumatera Barat;Padang;Padang;Sumbar-01;Sumbar-01;No Change
13;1372;1372;Sumatera Barat;Solok;Solok;Sumbar-01;Sumbar-01;No Change
13;1373;1373;Sumatera Barat;Sawahlunto;Sawahlunto;Sumbar-01;Sumbar-01;No Change
13;1374;1374;Sumatera Barat;Padang Panjang;Padang Panjang;Sumbar-01;Sumbar-01;No Change
13;1375;1375;Sumatera Barat;Bukittinggi;Bukittinggi;Sumbar-02;Sumbar-02;No Change
13;1376;1376;Sumatera Barat;Payakumbuh;Payakumbuh;Sumbar-02;Sumbar-02;No Change
13;1377;1377;Sumatera Barat;Pariaman;Pariaman;Sumbar-02;Sumbar-02;No Change
14;1401;1401;Riau;Kuantan Singingi;Kuantan Singingi;Riau-02;Riau-02;No Change
14;1402;1402;Riau;Indragiri Hulu;Indragiri Hulu;Riau-02;Riau-02;No Change
14;1403;1403;Riau;Indragiri Hilir;Indragiri Hilir;Riau-02;Riau-02;No Change
14;1404;1404;Riau;Pelalawan;Pelalawan;Riau-02;Riau-02;No Change
14;1405;1405;Riau;Siak;Siak;Riau-01;Riau-01;No Change
14;1406;1406;Riau;Kampar;Kampar;Riau-02;Riau-02;No Change
14;1407;1407;Riau;Rokan Hulu;Rokan Hulu;Riau-01;Riau-01;No Change
14;1408;1408;Riau;Bengkalis;Bengkalis;Riau-01;Riau-01;No Change
14;1409;1409;Riau;Rokan Hilir;Rokan Hilir;Riau-01;Riau-01;No Change
14;1410;1410;Riau;Kepulauan Meranti;Kepulauan Meranti;Riau-01;Riau-01;No Change
14;1471;1471;Riau;Pekan Baru;Pekan Baru;Riau-01;Riau-01;No Change
14;1473;1473;Riau;Dumai;Dumai;Riau-01;Riau-01;No Change
15;1501;1501;Jambi;Kerinci;Kerinci;Jambi-at-large;Jambi-at-large;No Change
15;1502;1502;Jambi;Merangin;Merangin;Jambi-at-large;Jambi-at-large;No Change
15;1503;1503;Jambi;Sarolangun;Sarolangun;Jambi-at-large;Jambi-at-large;No Change
15;1504;1504;Jambi;Batanghari;Batanghari;Jambi-at-large;Jambi-at-large;No Change
15;1505;1505;Jambi;Muaro Jambi;Muaro Jambi;Jambi-at-large;Jambi-at-large;No Change
15;1506;1506;Jambi;Tanjung Jabung Timur;Tanjung Jabung Timur;Jambi-at-large;Jambi-at-large;No Change
15;1507;1507;Jambi;Tanjung Jabung Barat;Tanjung Jabung Barat;Jambi-at-large;Jambi-at-large;No Change
15;1508;1508;Jambi;Tebo;Tebo;Jambi-at-large;Jambi-at-large;No Change
15;1509;1509;Jambi;Bungo;Bungo;Jambi-at-large;Jambi-at-large;No Change
15;1571;1571;Jambi;Jambi;Jambi;Jambi-at-large;Jambi-at-large;No Change
15;1572;1572;Jambi;Sungai Penuh;Sungai Penuh;Jambi-at-large;Jambi-at-large;No Change
16;1601;1601;Sumatera Selatan;Ogan Komering Ulu;Ogan Komering Ulu;Sumsel-02;Sumsel-02;No Change
16;1602;1602;Sumatera Selatan;Ogan Komering Ilir;Ogan Komering Ilir;Sumsel-02;Sumsel-02;No Change
16;1603;1603;Sumatera Selatan;Muara Enim;Muara Enim;Sumsel-02;Sumsel-02;No Change
16;1604;1604;Sumatera Selatan;Lahat;Lahat;Sumsel-02;Sumsel-02;No Change
16;1605;1605;Sumatera Selatan;Musi Rawas;Musi Rawas;Sumsel-01;Sumsel-01;No Change
16;1606;1606;Sumatera Selatan;Musi Banyuasin;Musi Banyuasin;Sumsel-01;Sumsel-01;No Change
16;1607;1607;Sumatera Selatan;Banyuasin;Banyuasin;Sumsel-01;Sumsel-01;No Change
16;1608;1608;Sumatera Selatan;Ogan Komering Ulu Selatan;Ogan Komering Ulu Selatan;Sumsel-02;Sumsel-02;No Change
16;1609;1609;Sumatera Selatan;Ogan Komering Ulu Timur;Ogan Komering Ulu Timur;Sumsel-02;Sumsel-02;No Change
16;1610;1610;Sumatera Selatan;Ogan Ilir;Ogan Ilir;Sumsel-02;Sumsel-02;No Change
16;1611;1611;Sumatera Selatan;Empat Lawang;Empat Lawang;Sumsel-02;Sumsel-02;No Change
16;1612;1612;Sumatera Selatan;Penukal Abab Lematang Ilir;Penukal Abab Lematang Ilir;Sumsel-02;Sumsel-02;No Change
16;1613;1613;Sumatera Selatan;Musi Rawas Utara;Musi Rawas Utara;Sumsel-01;Sumsel-01;No Change
16;1671;1671;Sumatera Selatan;Palembang;Palembang;Sumsel-01;Sumsel-01;No Change
16;1672;1672;Sumatera Selatan;Prabumulih;Prabumulih;Sumsel-02;Sumsel-02;No Change
16;1673;1673;Sumatera Selatan;Pagar Alam;Pagar Alam;Sumsel-02;Sumsel-02;No Change
16;1674;1674;Sumatera Selatan;Lubuk Linggau;Lubuk Linggau;Sumsel-01;Sumsel-01;No Change
17;1701;1701;Bengkulu;Bengkulu Selatan;Bengkulu Selatan;Bengkulu-at-large;Bengkulu-at-large;No Change
17;1702;1702;Bengkulu;Rejang Lebong;Rejang Lebong;Bengkulu-at-large;Bengkulu-at-large;No Change
17;1703;1703;Bengkulu;Bengkulu Utara;Bengkulu Utara;Bengkulu-at-large;Bengkulu-at-large;No Change
17;1704;1704;Bengkulu;Kaur;Kaur;Bengkulu-at-large;Bengkulu-at-large;No Change
17;1705;1705;Bengkulu;Seluma;Seluma;Bengkulu-at-large;Bengkulu-at-large;No Change
17;1706;1706;Bengkulu;Mukomuko;Mukomuko;Bengkulu-at-large;Bengkulu-at-large;No Change
17;1707;1707;Bengkulu;Lebong;Lebong;Bengkulu-at-large;Bengkulu-at-large;No Change
17;1708;1708;Bengkulu;Kepahiang;Kepahiang;Bengkulu-at-large;Bengkulu-at-large;No Change
17;1709;1709;Bengkulu;Bengkulu Tengah;Bengkulu Tengah;Bengkulu-at-large;Bengkulu-at-large;No Change
17;1771;1771;Bengkulu;Bengkulu;Bengkulu;Bengkulu-at-large;Bengkulu-at-large;No Change
18;1801;1801;Lampung;Lampung Barat;Lampung Barat;Lampung-01;Lampung-01;No Change
18;1802;1802;Lampung;Tanggamus;Tanggamus;Lampung-01;Lampung-01;No Change
18;1803;1803;Lampung;Lampung Selatan;Lampung Selatan;Lampung-01;Lampung-01;No Change
18;1804;1804;Lampung;Lampung Timur;Lampung Timur;Lampung-02;Lampung-02;No Change
18;1805;1805;Lampung;Lampung Tengah;Lampung Tengah;Lampung-02;Lampung-02;No Change
18;1806;1806;Lampung;Lampung Utara;Lampung Utara;Lampung-02;Lampung-02;No Change
18;1807;1807;Lampung;Way Kanan;Way Kanan;Lampung-02;Lampung-02;No Change
18;1808;1808;Lampung;Tulang Bawang;Tulang Bawang;Lampung-02;Lampung-02;No Change
18;1809;1809;Lampung;Pesawaran;Pesawaran;Lampung-01;Lampung-01;No Change
18;1810;1810;Lampung;Pringsewu;Pringsewu;Lampung-01;Lampung-01;No Change
18;1811;1811;Lampung;Mesuji;Mesuji;Lampung-02;Lampung-02;No Change
18;1812;1812;Lampung;Tulang Bawang Barat;Tulang Bawang Barat;Lampung-02;Lampung-02;No Change
18;1813;1813;Lampung;Pesisir Barat;Pesisir Barat;Lampung-01;Lampung-01;No Change
18;1871;1871;Lampung;Bandar Lampung;Bandar Lampung;Lampung-01;Lampung-01;No Change
18;1872;1872;Lampung;Metro;Metro;Lampung-01;Lampung-01;No Change
19;1901;1901;Kepulauan Bangka Belitung;Bangka;Bangka;Babel-at-large;Babel-at-large;No Change
19;1902;1902;Kepulauan Bangka Belitung;Belitung;Belitung;Babel-at-large;Babel-at-large;No Change
19;1903;1903;Kepulauan Bangka Belitung;Bangka Barat;Bangka Barat;Babel-at-large;Babel-at-large;No Change
19;1904;1904;Kepulauan Bangka Belitung;Bangka Tengah;Bangka Tengah;Babel-at-large;Babel-at-large;No Change
19;1905;1905;Kepulauan Bangka Belitung;Bangka Selatan;Bangka Selatan;Babel-at-large;Babel-at-large;No Change
19;1906;1906;Kepulauan Bangka Belitung;Belitung Timur;Belitung Timur;Babel-at-large;Babel-at-large;No Change
19;1971;1971;Kepulauan Bangka Belitung;Pangkal Pinang;Pangkal Pinang;Babel-at-large;Babel-at-large;No Change
21;2101;2101;Kepulauan Riau;Karimun;Karimun;Kepri-at-large;Kepri-at-large;No Change
21;2102;2102;Kepulauan Riau;Bintan;Bintan;Kepri-at-large;Kepri-at-large;No Change
21;2103;2103;Kepulauan Riau;Natuna;Natuna;Kepri-at-large;Kepri-at-large;No Change
21;2104;2104;Kepulauan Riau;Lingga;Lingga;Kepri-at-large;Kepri-at-large;No Change
21;2105;2105;Kepulauan Riau;Kepulauan Anambas;Kepulauan Anambas;Kepri-at-large;Kepri-at-large;No Change
21;2171;2171;Kepulauan Riau;Batam;Batam;Kepri-at-large;Kepri-at-large;No Change
21;2172;2172;Kepulauan Riau;Tanjung Pinang;Tanjung Pinang;Kepri-at-large;Kepri-at-large;No Change
31;3101;3101;DKI Jakarta;Adm. Kepulauan Seribu;Adm. Kepulauan Seribu;Jakarta-03;Jakarta-03;No Change
31;3171;3171;DKI Jakarta;Jakarta Selatan;Jakarta Selatan;Jakarta-02;Jakarta-02;No Change
31;3172;3172;DKI Jakarta;Jakarta Timur;Jakarta Timur;Jakarta-01;Jakarta-01;No Change
31;3173;3173;DKI Jakarta;Jakarta Pusat;Jakarta Pusat;Jakarta-02;Jakarta-02;No Change
31;3174;3174;DKI Jakarta;Jakarta Barat;Jakarta Barat;Jakarta-03;Jakarta-03;No Change
31;3175;3175;DKI Jakarta;Jakarta Utara;Jakarta Utara;Jakarta-03;Jakarta-03;No Change
32;3201;3201;Jawa Barat;Bogor;Bogor;Jabar-05;Jabar-05;No Change
32;3202;3202;Jawa Barat;Sukabumi;Sukabumi;Jabar-04;Jabar-04;No Change
32;3203;3203;Jawa Barat;Cianjur;Cianjur;Jabar-03;Jabar-03;No Change
32;3204;3204;Jawa Barat;Bandung;Bandung;Jabar-02;Jabar-02;No Change
32;3205;3205;Jawa Barat;Garut;Garut;Jabar-11;Jabar-11;No Change
32;3206;3206;Jawa Barat;Tasikmalaya;Tasikmalaya;Jabar-11;Jabar-11;No Change
32;3207;3207;Jawa Barat;Ciamis;Ciamis;Jabar-10;Jabar-10;No Change
32;3208;3208;Jawa Barat;Kuningan;Kuningan;Jabar-10;Jabar-10;No Change
32;3209;3209;Jawa Barat;Cirebon;Cirebon;Jabar-08;Jabar-08;No Change
32;3210;3210;Jawa Barat;Majalengka;Majalengka;Jabar-09;Jabar-09;No Change
32;3211;3211;Jawa Barat;Sumedang;Sumedang;Jabar-09;Jabar-09;No Change
32;3212;3212;Jawa Barat;Indramayu;Indramayu;Jabar-08;Jabar-08;No Change
32;3213;3213;Jawa Barat;Subang;Subang;Jabar-09;Jabar-09;No Change
32;3214;3214;Jawa Barat;Purwakarta;Purwakarta;Jabar-07;Jabar-07;No Change
32;3215;3215;Jawa Barat;Karawang;Karawang;Jabar-07;Jabar-07;No Change
32;3216;3216;Jawa Barat;Bekasi;Bekasi;Jabar-07;Jabar-07;No Change
32;3217;3217;Jawa Barat;Bandung Barat;Bandung Barat;Jabar-02;Jabar-02;No Change
32;3218;3218;Jawa Barat;Pangandaran;Pangandaran;Jabar-10;Jabar-10;No Change
32;3271;3271;Jawa Barat;Bogor;Bogor;Jabar-03;Jabar-03;No Change
32;3272;3272;Jawa Barat;Sukabumi;Sukabumi;Jabar-04;Jabar-04;No Change
32;3273;3273;Jawa Barat;Bandung;Bandung;Jabar-01;Jabar-01;No Change
32;3274;3274;Jawa Barat;Cirebon;Cirebon;Jabar-08;Jabar-08;No Change
32;3275;3275;Jawa Barat;Bekasi;Bekasi;Jabar-06;Jabar-06;No Change
32;3276;3276;Jawa Barat;Depok;Depok;Jabar-06;Jabar-06;No Change
32;3277;3277;Jawa Barat;Cimahi;Cimahi;Jabar-01;Jabar-01;No Change
32;3278;3278;Jawa Barat;Tasikmalaya;Tasikmalaya;Jabar-11;Jabar-11;No Change
32;3279;3279;Jawa Barat;Banjar;Banjar;Jabar-10;Jabar-10;No Change
33;3301;3301;Jawa Tengah;Cilacap;Cilacap;Jateng-08;Jateng-08;No Change
33;3302;3302;Jawa Tengah;Banyumas;Banyumas;Jateng-08;Jateng-08;No Change
33;3303;3303;Jawa Tengah;Purbalingga;Purbalingga;Jateng-07;Jateng-07;No Change
33;3304;3304;Jawa Tengah;Banjarnegara;Banjarnegara;Jateng-07;Jateng-07;No Change
33;3305;3305;Jawa Tengah;Kebumen;Kebumen;Jateng-07;Jateng-07;No Change
33;3306;3306;Jawa Tengah;Purworejo;Purworejo;Jateng-06;Jateng-06;No Change
33;3307;3307;Jawa Tengah;Wonosobo;Wonosobo;Jateng-06;Jateng-06;No Change
33;3308;3308;Jawa Tengah;Magelang;Magelang;Jateng-06;Jateng-06;No Change
33;3309;3309;Jawa Tengah;Boyolali;Boyolali;Jateng-05;Jateng-05;No Change
33;3310;3310;Jawa Tengah;Klaten;Klaten;Jateng-05;Jateng-05;No Change
33;3311;3311;Jawa Tengah;Sukoharjo;Sukoharjo;Jateng-05;Jateng-05;No Change
33;3312;3312;Jawa Tengah;Wonogiri;Wonogiri;Jateng-04;Jateng-04;No Change
33;3313;3313;Jawa Tengah;Karanganyar;Karanganyar;Jateng-04;Jateng-04;No Change
33;3314;3314;Jawa Tengah;Sragen;Sragen;Jateng-04;Jateng-04;No Change
33;3315;3315;Jawa Tengah;Grobogan;Grobogan;Jateng-03;Jateng-03;No Change
33;3316;3316;Jawa Tengah;Blora;Blora;Jateng-03;Jateng-03;No Change
33;3317;3317;Jawa Tengah;Rembang;Rembang;Jateng-03;Jateng-03;No Change
33;3318;3318;Jawa Tengah;Pati;Pati;Jateng-03;Jateng-03;No Change
33;3319;3319;Jawa Tengah;Kudus;Kudus;Jateng-02;Jateng-02;No Change
33;3320;3320;Jawa Tengah;Jepara;Jepara;Jateng-02;Jateng-02;No Change
33;3321;3321;Jawa Tengah;Demak;Demak;Jateng-02;Jateng-02;No Change
33;3322;3322;Jawa Tengah;Semarang;Semarang;Jateng-01;Jateng-01;No Change
33;3323;3323;Jawa Tengah;Temanggung;Temanggung;Jateng-06;Jateng-06;No Change
33;3324;3324;Jawa Tengah;Kendal;Kendal;Jateng-01;Jateng-01;No Change
33;3325;3325;Jawa Tengah;Batang;Batang;Jateng-10;Jateng-10;No Change
33;3326;3326;Jawa Tengah;Pekalongan;Pekalongan;Jateng-10;Jateng-10;No Change
33;3327;3327;Jawa Tengah;Pemalang;Pemalang;Jateng-10;Jateng-10;No Change
33;3328;3328;Jawa Tengah;Tegal;Tegal;Jateng-09;Jateng-09;No Change
33;3329;3329;Jawa Tengah;Brebes;Brebes;Jateng-09;Jateng-09;No Change
33;3371;3371;Jawa Tengah;Magelang;Magelang;Jateng-06;Jateng-06;No Change
33;3372;3372;Jawa Tengah;Surakarta;Surakarta;Jateng-05;Jateng-05;No Change
33;3373;3373;Jawa Tengah;Salatiga;Salatiga;Jateng-01;Jateng-01;No Change
33;3374;3374;Jawa Tengah;Semarang;Semarang;Jateng-01;Jateng-01;No Change
33;3375;3375;Jawa Tengah;Pekalongan;Pekalongan;Jateng-10;Jateng-10;No Change
33;3376;3376;Jawa Tengah;Tegal;Tegal;Jateng-09;Jateng-09;No Change
34;3401;3401;D I Yogyakarta;Kulon Progo;Kulon Progo;DIY-at-large;DIY-at-large;No Change
34;3402;3402;D I Yogyakarta;Bantul;Bantul;DIY-at-large;DIY-at-large;No Change
34;3403;3403;D I Yogyakarta;Gunung Kidul;Gunung Kidul;DIY-at-large;DIY-at-large;No Change
34;3404;3404;D I Yogyakarta;Sleman;Sleman;DIY-at-large;DIY-at-large;No Change
34;3471;3471;D I Yogyakarta;Yogyakarta;Yogyakarta;DIY-at-large;DIY-at-large;No Change
35;3501;3501;Jawa Timur;Pacitan;Pacitan;Jatim-07;Jatim-07;No Change
35;3502;3502;Jawa Timur;Ponorogo;Ponorogo;Jatim-07;Jatim-07;No Change
35;3503;3503;Jawa Timur;Trenggalek;Trenggalek;Jatim-07;Jatim-07;No Change
35;3504;3504;Jawa Timur;Tulungagung;Tulungagung;Jatim-06;Jatim-06;No Change
35;3505;3505;Jawa Timur;Blitar;Blitar;Jatim-06;Jatim-06;No Change
35;3506;3506;Jawa Timur;Kediri;Kediri;Jatim-06;Jatim-06;No Change
35;3507;3507;Jawa Timur;Malang;Malang;Jatim-05;Jatim-05;No Change
35;3508;3508;Jawa Timur;Lumajang;Lumajang;Jatim-04;Jatim-04;No Change
35;3509;3509;Jawa Timur;Jember;Jember;Jatim-04;Jatim-04;No Change
35;3510;3510;Jawa Timur;Banyuwangi;Banyuwangi;Jatim-03;Jatim-03;No Change
35;3511;3511;Jawa Timur;Bondowoso;Bondowoso;Jatim-03;Jatim-03;No Change
35;3512;3512;Jawa Timur;Situbondo;Situbondo;Jatim-03;Jatim-03;No Change
35;3513;3513;Jawa Timur;Probolinggo;Probolinggo;Jatim-02;Jatim-02;No Change
35;3514;3514;Jawa Timur;Pasuruan;Pasuruan;Jatim-02;Jatim-02;No Change
35;3515;3515;Jawa Timur;Sidoarjo;Sidoarjo;Jatim-01;Jatim-01;No Change
35;3516;3516;Jawa Timur;Mojokerto;Mojokerto;Jatim-08;Jatim-08;No Change
35;3517;3517;Jawa Timur;Jombang;Jombang;Jatim-08;Jatim-08;No Change
35;3518;3518;Jawa Timur;Nganjuk;Nganjuk;Jatim-08;Jatim-08;No Change
35;3519;3519;Jawa Timur;Madiun;Madiun;Jatim-08;Jatim-08;No Change
35;3520;3520;Jawa Timur;Magetan;Magetan;Jatim-07;Jatim-07;No Change
35;3521;3521;Jawa Timur;Ngawi;Ngawi;Jatim-07;Jatim-07;No Change
35;3522;3522;Jawa Timur;Bojonegoro;Bojonegoro;Jatim-09;Jatim-09;No Change
35;3523;3523;Jawa Timur;Tuban;Tuban;Jatim-09;Jatim-09;No Change
35;3524;3524;Jawa Timur;Lamongan;Lamongan;Jatim-10;Jatim-10;No Change
35;3525;3525;Jawa Timur;Gresik;Gresik;Jatim-10;Jatim-10;No Change
35;3526;3526;Jawa Timur;Bangkalan;Bangkalan;Jatim-11;Jatim-11;No Change
35;3527;3527;Jawa Timur;Sampang;Sampang;Jatim-11;Jatim-11;No Change
35;3528;3528;Jawa Timur;Pamekasan;Pamekasan;Jatim-11;Jatim-11;No Change
35;3529;3529;Jawa Timur;Sumenep;Sumenep;Jatim-11;Jatim-11;No Change
35;3571;3571;Jawa Timur;Kediri;Kediri;Jatim-06;Jatim-06;No Change
35;3572;3572;Jawa Timur;Blitar;Blitar;Jatim-06;Jatim-06;No Change
35;3573;3573;Jawa Timur;Malang;Malang;Jatim-05;Jatim-05;No Change
35;3574;3574;Jawa Timur;Probolinggo;Probolinggo;Jatim-02;Jatim-02;No Change
35;3575;3575;Jawa Timur;Pasuruan;Pasuruan;Jatim-02;Jatim-02;No Change
35;3576;3576;Jawa Timur;Mojokerto;Mojokerto;Jatim-08;Jatim-08;No Change
35;3577;3577;Jawa Timur;Madiun;Madiun;Jatim-08;Jatim-08;No Change
35;3578;3578;Jawa Timur;Surabaya;Surabaya;Jatim-01;Jatim-01;No Change
35;3579;3579;Jawa Timur;Batu;Batu;Jatim-05;Jatim-05;No Change
36;3601;3601;Banten;Pandeglang;Pandeglang;Banten-01;Banten-01;No Change
36;3602;3602;Banten;Lebak;Lebak;Banten-01;Banten-01;No Change
36;3603;3603;Banten;Tangerang;Tangerang;Banten-03;Banten-03;No Change
36;3604;3604;Banten;Serang;Serang;Banten-02;Banten-02;No Change
36;3671;3671;Banten;Tangerang;Tangerang;Banten-03;Banten-03;No Change
36;3672;3672;Banten;Cilegon;Cilegon;Banten-02;Banten-02;No Change
36;3673;3673;Banten;Serang;Serang;Banten-02;Banten-02;No Change
36;3674;3674;Banten;Tangerang Selatan;Tangerang Selatan;Banten-03;Banten-03;No Change
51;5101;5101;Bali;Jembrana;Jembrana;Bali-at-large;Bali-at-large;No Change
51;5102;5102;Bali;Tabanan;Tabanan;Bali-at-large;Bali-at-large;No Change
51;5103;5103;Bali;Badung;Badung;Bali-at-large;Bali-at-large;No Change
51;5104;5104;Bali;Gianyar;Gianyar;Bali-at-large;Bali-at-large;No Change
51;5105;5105;Bali;Klungkung;Klungkung;Bali-at-large;Bali-at-large;No Change
51;5106;5106;Bali;Bangli;Bangli;Bali-at-large;Bali-at-large;No Change
51;5107;5107;Bali;Karang Asem;Karang Asem;Bali-at-large;Bali-at-large;No Change
51;5108;5108;Bali;Buleleng;Buleleng;Bali-at-large;Bali-at-large;No Change
51;5171;5171;Bali;Denpasar;Denpasar;Bali-at-large;Bali-at-large;No Change
52;5201;5201;Nusa Tenggara Barat;Lombok Barat;Lombok Barat;NTB-02;NTB-at-large;Split District
52;5202;5202;Nusa Tenggara Barat;Lombok Tengah;Lombok Tengah;NTB-02;NTB-at-large;Split District
52;5203;5203;Nusa Tenggara Barat;Lombok Timur;Lombok Timur;NTB-02;NTB-at-large;Split District
52;5204;5204;Nusa Tenggara Barat;Sumbawa;Sumbawa;NTB-01;NTB-at-large;Split District
52;5205;5205;Nusa Tenggara Barat;Dompu;Dompu;NTB-01;NTB-at-large;Split District
52;5206;5206;Nusa Tenggara Barat;Bima;Bima;NTB-01;NTB-at-large;Split District
52;5207;5207;Nusa Tenggara Barat;Sumbawa Barat;Sumbawa Barat;NTB-01;NTB-at-large;Split District
52;5208;5208;Nusa Tenggara Barat;Lombok Utara;Lombok Utara;NTB-02;NTB-at-large;Split District
52;5271;5271;Nusa Tenggara Barat;Mataram;Mataram;NTB-02;NTB-at-large;Split District
52;5272;5272;Nusa Tenggara Barat;Bima;Bima;NTB-01;NTB-at-large;Split District
53;5301;5301;Nusa Tenggara Timur;Sumba Barat;Sumba Barat;NTT-02;NTT-02;No Change
53;5302;5302;Nusa Tenggara Timur;Sumba Timur;Sumba Timur;NTT-02;NTT-02;No Change
53;5303;5303;Nusa Tenggara Timur;Kupang;Kupang;NTT-02;NTT-02;No Change
53;5304;5304;Nusa Tenggara Timur;Timor Tengah Selatan;Timor Tengah Selatan;NTT-02;NTT-02;No Change
53;5305;5305;Nusa Tenggara Timur;Timor Tengah Utara;Timor Tengah Utara;NTT-02;NTT-02;No Change
53;5306;5306;Nusa Tenggara Timur;Belu;Belu;NTT-02;NTT-02;No Change
53;5307;5307;Nusa Tenggara Timur;Alor;Alor;NTT-01;NTT-01;No Change
53;5308;5308;Nusa Tenggara Timur;Lembata;Lembata;NTT-01;NTT-01;No Change
53;5309;5309;Nusa Tenggara Timur;Flores Timur;Flores Timur;NTT-01;NTT-01;No Change
53;5310;5310;Nusa Tenggara Timur;Sikka;Sikka;NTT-01;NTT-01;No Change
53;5311;5311;Nusa Tenggara Timur;Ende;Ende;NTT-01;NTT-01;No Change
53;5312;5312;Nusa Tenggara Timur;Ngada;Ngada;NTT-01;NTT-01;No Change
53;5313;5313;Nusa Tenggara Timur;Manggarai;Manggarai;NTT-01;NTT-01;No Change
53;5314;5314;Nusa Tenggara Timur;Rote Ndao;Rote Ndao;NTT-02;NTT-02;No Change
53;5315;5315;Nusa Tenggara Timur;Manggarai Barat;Manggarai Barat;NTT-01;NTT-01;No Change
53;5316;5316;Nusa Tenggara Timur;Sumba Tengah;Sumba Tengah;NTT-02;NTT-02;No Change
53;5317;5317;Nusa Tenggara Timur;Sumba Barat Daya;Sumba Barat Daya;NTT-02;NTT-02;No Change
53;5318;5318;Nusa Tenggara Timur;Nagekeo;Nagekeo;NTT-01;NTT-01;No Change
53;5319;5319;Nusa Tenggara Timur;Manggarai Timur;Manggarai Timur;NTT-01;NTT-01;No Change
53;5320;5320;Nusa Tenggara Timur;Sabu Raijua;Sabu Raijua;NTT-02;NTT-02;No Change
53;5321;5321;Nusa Tenggara Timur;Malaka;Malaka;NTT-02;NTT-02;No Change
53;5371;5371;Nusa Tenggara Timur;Kupang;Kupang;NTT-02;NTT-02;No Change
61;6101;6101;Kalimantan Barat;Sambas;Sambas;Kalbar-01;Kalbar-at-large;Split District
61;6102;6102;Kalimantan Barat;Bengkayang;Bengkayang;Kalbar-01;Kalbar-at-large;Split District
61;6103;6103;Kalimantan Barat;Landak;Landak;Kalbar-01;Kalbar-at-large;Split District
61;6104;6104;Kalimantan Barat;Pontianak;Pontianak;Kalbar-01;Kalbar-at-large;Split District
61;6105;6105;Kalimantan Barat;Sanggau;Sanggau;Kalbar-02;Kalbar-at-large;Split District
61;6106;6106;Kalimantan Barat;Ketapang;Ketapang;Kalbar-02;Kalbar-at-large;Split District
61;6107;6107;Kalimantan Barat;Sintang;Sintang;Kalbar-02;Kalbar-at-large;Split District
61;6108;6108;Kalimantan Barat;Kapuas Hulu;Kapuas Hulu;Kalbar-02;Kalbar-at-large;Split District
61;6109;6109;Kalimantan Barat;Sekadau;Sekadau;Kalbar-02;Kalbar-at-large;Split District
61;6110;6110;Kalimantan Barat;Melawi;Melawi;Kalbar-02;Kalbar-at-large;Split District
61;6111;6111;Kalimantan Barat;Kayong Utara;Kayong Utara;Kalbar-01;Kalbar-at-large;Split District
61;6112;6112;Kalimantan Barat;Kubu Raya;Kubu Raya;Kalbar-01;Kalbar-at-large;Split District
61;6171;6171;Kalimantan Barat;Pontianak;Pontianak;Kalbar-01;Kalbar-at-large;Split District
61;6172;6172;Kalimantan Barat;Singkawang;Singkawang;Kalbar-01;Kalbar-at-large;Split District
62;6201;6201;Kalimantan Tengah;Kotawaringin Barat;Kotawaringin Barat;Kalteng-at-large;Kalteng-at-large;No Change
62;6202;6202;Kalimantan Tengah;Kotawaringin Timur;Kotawaringin Timur;Kalteng-at-large;Kalteng-at-large;No Change
62;6203;6203;Kalimantan Tengah;Kapuas;Kapuas;Kalteng-at-large;Kalteng-at-large;No Change
62;6204;6204;Kalimantan Tengah;Barito Selatan;Barito Selatan;Kalteng-at-large;Kalteng-at-large;No Change
62;6205;6205;Kalimantan Tengah;Barito Utara;Barito Utara;Kalteng-at-large;Kalteng-at-large;No Change
62;6206;6206;Kalimantan Tengah;Sukamara;Sukamara;Kalteng-at-large;Kalteng-at-large;No Change
62;6207;6207;Kalimantan Tengah;Lamandau;Lamandau;Kalteng-at-large;Kalteng-at-large;No Change
62;6208;6208;Kalimantan Tengah;Seruyan;Seruyan;Kalteng-at-large;Kalteng-at-large;No Change
62;6209;6209;Kalimantan Tengah;Katingan;Katingan;Kalteng-at-large;Kalteng-at-large;No Change
62;6210;6210;Kalimantan Tengah;Pulang Pisau;Pulang Pisau;Kalteng-at-large;Kalteng-at-large;No Change
62;6211;6211;Kalimantan Tengah;Gunung Mas;Gunung Mas;Kalteng-at-large;Kalteng-at-large;No Change
62;6212;6212;Kalimantan Tengah;Barito Timur;Barito Timur;Kalteng-at-large;Kalteng-at-large;No Change
62;6213;6213;Kalimantan Tengah;Murung Raya;Murung Raya;Kalteng-at-large;Kalteng-at-large;No Change
62;6271;6271;Kalimantan Tengah;Palangkaraya;Palangkaraya;Kalteng-at-large;Kalteng-at-large;No Change
63;6301;6301;Kalimantan Selatan;Tanah Laut;Tanah Laut;Kalsel-02;Kalsel-02;No Change
63;6302;6302;Kalimantan Selatan;Kota Baru;Kota Baru;Kalsel-02;Kalsel-02;No Change
63;6303;6303;Kalimantan Selatan;Banjar;Banjar;Kalsel-01;Kalsel-01;No Change
63;6304;6304;Kalimantan Selatan;Barito Kuala;Barito Kuala;Kalsel-01;Kalsel-01;No Change
63;6305;6305;Kalimantan Selatan;Tapin;Tapin;Kalsel-01;Kalsel-01;No Change
63;6306;6306;Kalimantan Selatan;Hulu Sungai Selatan;Hulu Sungai Selatan;Kalsel-01;Kalsel-01;No Change
63;6307;6307;Kalimantan Selatan;Hulu Sungai Tengah;Hulu Sungai Tengah;Kalsel-01;Kalsel-01;No Change
63;6308;6308;Kalimantan Selatan;Hulu Sungai Utara;Hulu Sungai Utara;Kalsel-01;Kalsel-01;No Change
63;6309;6309;Kalimantan Selatan;Tabalong;Tabalong;Kalsel-01;Kalsel-01;No Change
63;6310;6310;Kalimantan Selatan;Tanah Bumbu;Tanah Bumbu;Kalsel-02;Kalsel-02;No Change
63;6311;6311;Kalimantan Selatan;Balangan;Balangan;Kalsel-01;Kalsel-01;No Change
63;6371;6371;Kalimantan Selatan;Banjarmasin;Banjarmasin;Kalsel-02;Kalsel-02;No Change
63;6372;6372;Kalimantan Selatan;Banjar Baru;Banjar Baru;Kalsel-02;Kalsel-02;No Change
64;6401;6401;Kalimantan Timur;Pasir;Pasir;Kaltim-at-large;Kaltim-at-large;No Change
64;6402;6402;Kalimantan Timur;Kutai Barat;Kutai Barat;Kaltim-at-large;Kaltim-at-large;No Change
64;6403;6403;Kalimantan Timur;Kutai Kartanegara;Kutai Kartanegara;Kaltim-at-large;Kaltim-at-large;No Change
64;6404;6404;Kalimantan Timur;Kutai Timur;Kutai Timur;Kaltim-at-large;Kaltim-at-large;No Change
64;6405;6405;Kalimantan Timur;Berau;Berau;Kaltim-at-large;Kaltim-at-large;No Change
64;6409;6409;Kalimantan Timur;Penajam Paser Utara;Penajam Paser Utara;Kaltim-at-large;Kaltim-at-large;No Change
64;6411;6411;Kalimantan Timur;Mahakam Hulu;Mahakam Hulu;Kaltim-at-large;Kaltim-at-large;No Change
64;6471;6471;Kalimantan Timur;Balikpapan;Balikpapan;Kaltim-at-large;Kaltim-at-large;No Change
64;6472;6472;Kalimantan Timur;Samarinda;Samarinda;Kaltim-at-large;Kaltim-at-large;No Change
64;6474;6474;Kalimantan Timur;Bontang;Bontang;Kaltim-at-large;Kaltim-at-large;No Change
65;6501;6501;Kalimantan Utara;Malinau;Malinau;Kalut-at-large;Kaltim-at-large;Split District
65;6502;6502;Kalimantan Utara;Bulungan;Bulungan;Kalut-at-large;Kaltim-at-large;Split District
65;6503;6503;Kalimantan Utara;Tana Tidung;Tana Tidung;Kalut-at-large;Kaltim-at-large;Split District
65;6504;6504;Kalimantan Utara;Nunukan;Nunukan;Kalut-at-large;Kaltim-at-large;Split District
65;6571;6571;Kalimantan Utara;Tarakan;Tarakan;Kalut-at-large;Kaltim-at-large;Split District
71;7101;7101;Sulawesi Utara;Bolaang Mongondow;Bolaang Mongondow;Sulut-at-large;Sulut-at-large;No Change
71;7102;7102;Sulawesi Utara;Minahasa;Minahasa;Sulut-at-large;Sulut-at-large;No Change
71;7103;7103;Sulawesi Utara;Kepulauan Sangihe;Kepulauan Sangihe;Sulut-at-large;Sulut-at-large;No Change
71;7104;7104;Sulawesi Utara;Kepulauan Talaud;Kepulauan Talaud;Sulut-at-large;Sulut-at-large;No Change
71;7105;7105;Sulawesi Utara;Minahasa Selatan;Minahasa Selatan;Sulut-at-large;Sulut-at-large;No Change
71;7106;7106;Sulawesi Utara;Minahasa Utara;Minahasa Utara;Sulut-at-large;Sulut-at-large;No Change
71;7107;7107;Sulawesi Utara;Bolaang Mongondow Utara;Bolaang Mongondow Utara;Sulut-at-large;Sulut-at-large;No Change
71;7108;7108;Sulawesi Utara;Kep. Siau Tagulandang Biaro (Sitaro);Kep. Siau Tagulandang Biaro (Sitaro);Sulut-at-large;Sulut-at-large;No Change
71;7109;7109;Sulawesi Utara;Minahasa Tenggara (Mitra);Minahasa Tenggara (Mitra);Sulut-at-large;Sulut-at-large;No Change
71;7110;7110;Sulawesi Utara;Bolaang Mongondow Selatan;Bolaang Mongondow Selatan;Sulut-at-large;Sulut-at-large;No Change
71;7111;7111;Sulawesi Utara;Bolaang Mongondow Timur;Bolaang Mongondow Timur;Sulut-at-large;Sulut-at-large;No Change
71;7171;7171;Sulawesi Utara;Manado;Manado;Sulut-at-large;Sulut-at-large;No Change
71;7172;7172;Sulawesi Utara;Bitung;Bitung;Sulut-at-large;Sulut-at-large;No Change
71;7173;7173;Sulawesi Utara;Tomohon;Tomohon;Sulut-at-large;Sulut-at-large;No Change
71;7174;7174;Sulawesi Utara;Kotamobagu;Kotamobagu;Sulut-at-large;Sulut-at-large;No Change
72;7201;7201;Sulawesi Tengah;Banggai Kepulauan;Banggai Kepulauan;Sulteng-at-large;Sulteng-at-large;No Change
72;7202;7202;Sulawesi Tengah;Banggai;Banggai;Sulteng-at-large;Sulteng-at-large;No Change
72;7203;7203;Sulawesi Tengah;Morowali;Morowali;Sulteng-at-large;Sulteng-at-large;No Change
72;7204;7204;Sulawesi Tengah;Poso;Poso;Sulteng-at-large;Sulteng-at-large;No Change
72;7205;7205;Sulawesi Tengah;Donggala;Donggala;Sulteng-at-large;Sulteng-at-large;No Change
72;7206;7206;Sulawesi Tengah;Toli-Toli;Toli-Toli;Sulteng-at-large;Sulteng-at-large;No Change
72;7207;7207;Sulawesi Tengah;Buol;Buol;Sulteng-at-large;Sulteng-at-large;No Change
72;7208;7208;Sulawesi Tengah;Parigi Moutong;Parigi Moutong;Sulteng-at-large;Sulteng-at-large;No Change
72;7209;7209;Sulawesi Tengah;Tojo Una-Una;Tojo Una-Una;Sulteng-at-large;Sulteng-at-large;No Change
72;7210;7210;Sulawesi Tengah;Sigi;Sigi;Sulteng-at-large;Sulteng-at-large;No Change
72;7211;7211;Sulawesi Tengah;Banggai Laut;Banggai Laut;Sulteng-at-large;Sulteng-at-large;No Change
72;7212;7212;Sulawesi Tengah;Morowali Utara;Morowali Utara;Sulteng-at-large;Sulteng-at-large;No Change
72;7271;7271;Sulawesi Tengah;Palu;Palu;Sulteng-at-large;Sulteng-at-large;No Change
73;7301;7301;Sulawesi Selatan;Selayar;Selayar;Sulsel-01;Sulsel-01;No Change
73;7302;7302;Sulawesi Selatan;Bulukumba;Bulukumba;Sulsel-02;Sulsel-02;No Change
73;7303;7303;Sulawesi Selatan;Bantaeng;Bantaeng;Sulsel-01;Sulsel-01;No Change
73;7304;7304;Sulawesi Selatan;Jeneponto;Jeneponto;Sulsel-01;Sulsel-01;No Change
73;7305;7305;Sulawesi Selatan;Takalar;Takalar;Sulsel-01;Sulsel-01;No Change
73;7306;7306;Sulawesi Selatan;Gowa;Gowa;Sulsel-01;Sulsel-01;No Change
73;7307;7307;Sulawesi Selatan;Sinjai;Sinjai;Sulsel-02;Sulsel-02;No Change
73;7308;7308;Sulawesi Selatan;Maros;Maros;Sulsel-02;Sulsel-02;No Change
73;7309;7309;Sulawesi Selatan;Pangkajene Kepulauan;Pangkajene Kepulauan;Sulsel-02;Sulsel-02;No Change
73;7310;7310;Sulawesi Selatan;Barru;Barru;Sulsel-02;Sulsel-02;No Change
73;7311;7311;Sulawesi Selatan;Bone;Bone;Sulsel-02;Sulsel-02;No Change
73;7312;7312;Sulawesi Selatan;Soppeng;Soppeng;Sulsel-02;Sulsel-02;No Change
73;7313;7313;Sulawesi Selatan;Wajo;Wajo;Sulsel-02;Sulsel-02;No Change
73;7314;7314;Sulawesi Selatan;Sidenreng Rappang;Sidenreng Rappang;Sulsel-03;Sulsel-03;No Change
73;7315;7315;Sulawesi Selatan;Pinrang;Pinrang;Sulsel-03;Sulsel-03;No Change
73;7316;7316;Sulawesi Selatan;Enrekang;Enrekang;Sulsel-03;Sulsel-03;No Change
73;7317;7317;Sulawesi Selatan;Luwu;Luwu;Sulsel-03;Sulsel-03;No Change
73;7318;7318;Sulawesi Selatan;Tana Toraja;Tana Toraja;Sulsel-03;Sulsel-03;No Change
73;7322;7322;Sulawesi Selatan;Luwu Utara;Luwu Utara;Sulsel-03;Sulsel-03;No Change
73;7325;7325;Sulawesi Selatan;Luwu Timur;Luwu Timur;Sulsel-03;Sulsel-03;No Change
73;7326;7326;Sulawesi Selatan;Toraja Utara;Toraja Utara;Sulsel-03;Sulsel-03;No Change
73;7371;7371;Sulawesi Selatan;Makassar;Makassar;Sulsel-01;Sulsel-01;No Change
73;7372;7372;Sulawesi Selatan;Pare-Pare;Pare-Pare;Sulsel-02;Sulsel-02;No Change
73;7373;7373;Sulawesi Selatan;Palopo;Palopo;Sulsel-03;Sulsel-03;No Change
74;7401;7401;Sulawesi Tenggara;Buton;Buton;Sultra-at-large;Sultra-at-large;No Change
74;7402;7402;Sulawesi Tenggara;Muna;Muna;Sultra-at-large;Sultra-at-large;No Change
74;7403;7403;Sulawesi Tenggara;Konawe;Konawe;Sultra-at-large;Sultra-at-large;No Change
74;7404;7404;Sulawesi Tenggara;Kolaka;Kolaka;Sultra-at-large;Sultra-at-large;No Change
74;7405;7405;Sulawesi Tenggara;Konawe Selatan;Konawe Selatan;Sultra-at-large;Sultra-at-large;No Change
74;7406;7406;Sulawesi Tenggara;Bombana;Bombana;Sultra-at-large;Sultra-at-large;No Change
74;7407;7407;Sulawesi Tenggara;Wakatobi;Wakatobi;Sultra-at-large;Sultra-at-large;No Change
74;7408;7408;Sulawesi Tenggara;Kolaka Utara;Kolaka Utara;Sultra-at-large;Sultra-at-large;No Change
74;7409;7409;Sulawesi Tenggara;Buton Utara;Buton Utara;Sultra-at-large;Sultra-at-large;No Change
74;7410;7410;Sulawesi Tenggara;Konawe Utara;Konawe Utara;Sultra-at-large;Sultra-at-large;No Change
74;7411;7411;Sulawesi Tenggara;Kolaka Timur;Kolaka Timur;Sultra-at-large;Sultra-at-large;No Change
74;7412;7412;Sulawesi Tenggara;Konawe Kepulauan;Konawe Kepulauan;Sultra-at-large;Sultra-at-large;No Change
74;7402;7413;Sulawesi Tenggara;Muna;Muna Barat;Sultra-at-large;Sultra-at-large;No Change
74;7401;7414;Sulawesi Tenggara;Buton;Buton Tengah;Sultra-at-large;Sultra-at-large;No Change
74;7401;7415;Sulawesi Tenggara;Buton;Buton Selatan;Sultra-at-large;Sultra-at-large;No Change
74;7471;7471;Sulawesi Tenggara;Kendari;Kendari;Sultra-at-large;Sultra-at-large;No Change
74;7472;7472;Sulawesi Tenggara;Bau-bau;Bau-bau;Sultra-at-large;Sultra-at-large;No Change
75;7501;7501;Gorontalo;Boalemo;Boalemo;Gorontalo-at-large;Gorontalo-at-large;No Change
75;7502;7502;Gorontalo;Gorontalo;Gorontalo;Gorontalo-at-large;Gorontalo-at-large;No Change
75;7503;7503;Gorontalo;Pohuwato;Pohuwato;Gorontalo-at-large;Gorontalo-at-large;No Change
75;7504;7504;Gorontalo;Bone Bolango;Bone Bolango;Gorontalo-at-large;Gorontalo-at-large;No Change
75;7505;7505;Gorontalo;Gorontalo Utara;Gorontalo Utara;Gorontalo-at-large;Gorontalo-at-large;No Change
75;7571;7571;Gorontalo;Gorontalo;Gorontalo;Gorontalo-at-large;Gorontalo-at-large;No Change
76;7601;7601;Sulawesi Barat;Majene;Majene;Sulbar-at-large;Sulbar-at-large;No Change
76;7602;7602;Sulawesi Barat;Polewali Mandar;Polewali Mandar;Sulbar-at-large;Sulbar-at-large;No Change
76;7603;7603;Sulawesi Barat;Mamasa;Mamasa;Sulbar-at-large;Sulbar-at-large;No Change
76;7604;7604;Sulawesi Barat;Mamuju;Mamuju;Sulbar-at-large;Sulbar-at-large;No Change
76;7605;7605;Sulawesi Barat;Mamuju Utara;Mamuju Utara;Sulbar-at-large;Sulbar-at-large;No Change
76;7606;7606;Sulawesi Barat;Mamuju Tengah;Mamuju Tengah;Sulbar-at-large;Sulbar-at-large;No Change
81;8101;8101;Maluku;Maluku Tenggara Barat;Maluku Tenggara Barat;Maluku-at-large;Maluku-at-large;No Change
81;8102;8102;Maluku;Maluku Tenggara;Maluku Tenggara;Maluku-at-large;Maluku-at-large;No Change
81;8103;8103;Maluku;Maluku Tengah;Maluku Tengah;Maluku-at-large;Maluku-at-large;No Change
81;8104;8104;Maluku;Buru;Buru;Maluku-at-large;Maluku-at-large;No Change
81;8105;8105;Maluku;Kepulauan Aru;Kepulauan Aru;Maluku-at-large;Maluku-at-large;No Change
81;8106;8106;Maluku;Seram Bagian Barat;Seram Bagian Barat;Maluku-at-large;Maluku-at-large;No Change
81;8107;8107;Maluku;Seram Bagian Timur;Seram Bagian Timur;Maluku-at-large;Maluku-at-large;No Change
81;8108;8108;Maluku;Maluku Barat Daya;Maluku Barat Daya;Maluku-at-large;Maluku-at-large;No Change
81;8109;8109;Maluku;Buru Selatan;Buru Selatan;Maluku-at-large;Maluku-at-large;No Change
81;8171;8171;Maluku;Ambon;Ambon;Maluku-at-large;Maluku-at-large;No Change
81;8172;8172;Maluku;Tual;Tual;Maluku-at-large;Maluku-at-large;No Change
82;8201;8201;Maluku Utara;Halmahera Barat;Halmahera Barat;Malut-at-large;Malut-at-large;No Change
82;8202;8202;Maluku Utara;Halmahera Tengah;Halmahera Tengah;Malut-at-large;Malut-at-large;No Change
82;8203;8203;Maluku Utara;Kepulauan Sula;Kepulauan Sula;Malut-at-large;Malut-at-large;No Change
82;8204;8204;Maluku Utara;Halmahera Selatan;Halmahera Selatan;Malut-at-large;Malut-at-large;No Change
82;8205;8205;Maluku Utara;Halmahera Utara;Halmahera Utara;Malut-at-large;Malut-at-large;No Change
82;8206;8206;Maluku Utara;Halmahera Timur;Halmahera Timur;Malut-at-large;Malut-at-large;No Change
82;8207;8207;Maluku Utara;Morotai;Morotai;Malut-at-large;Malut-at-large;No Change
82;8208;8208;Maluku Utara;Pulau Taliabu;Pulau Taliabu;Malut-at-large;Malut-at-large;No Change
82;8271;8271;Maluku Utara;Ternate;Ternate;Malut-at-large;Malut-at-large;No Change
82;8272;8272;Maluku Utara;Tidore Kepulauan;Tidore Kepulauan;Malut-at-large;Malut-at-large;No Change
91;9101;9101;Papua Barat;Fak-Fak;Fak-Fak;Pabar-at-large;Pabar-at-large;No Change
91;9102;9102;Papua Barat;Kaimana;Kaimana;Pabar-at-large;Pabar-at-large;No Change
91;9103;9103;Papua Barat;Teluk Wondama;Teluk Wondama;Pabar-at-large;Pabar-at-large;No Change
91;9104;9104;Papua Barat;Teluk Bintuni;Teluk Bintuni;Pabar-at-large;Pabar-at-large;No Change
91;9105;9105;Papua Barat;Manokwari;Manokwari;Pabar-at-large;Pabar-at-large;No Change
91;9106;9106;Papua Barat;Sorong Selatan;Sorong Selatan;Pabar-at-large;Pabar-at-large;No Change
91;9107;9107;Papua Barat;Sorong;Sorong;Pabar-at-large;Pabar-at-large;No Change
91;9108;9108;Papua Barat;Raja Ampat;Raja Ampat;Pabar-at-large;Pabar-at-large;No Change
91;9109;9109;Papua Barat;Tambrauw;Tambrauw;Pabar-at-large;Pabar-at-large;No Change
91;9110;9110;Papua Barat;Maybrat;Maybrat;Pabar-at-large;Pabar-at-large;No Change
91;9111;9111;Papua Barat;Manokwari Selatan;Manokwari Selatan;Pabar-at-large;Pabar-at-large;No Change
91;9112;9112;Papua Barat;Pegunungan Arfak;Pegunungan Arfak;Pabar-at-large;Pabar-at-large;No Change
91;9171;9171;Papua Barat;Sorong;Sorong;Pabar-at-large;Pabar-at-large;No Change
94;9401;9401;Papua;Merauke;Merauke;Papua-at-large;Papua-at-large;No Change
94;9402;9402;Papua;Jayawijaya;Jayawijaya;Papua-at-large;Papua-at-large;No Change
94;9403;9403;Papua;Jayapura;Jayapura;Papua-at-large;Papua-at-large;No Change
94;9404;9404;Papua;Nabire;Nabire;Papua-at-large;Papua-at-large;No Change
94;9408;9408;Papua;Yapen Waropen;Yapen Waropen;Papua-at-large;Papua-at-large;No Change
94;9409;9409;Papua;Biak Numfor;Biak Numfor;Papua-at-large;Papua-at-large;No Change
94;9410;9410;Papua;Paniai;Paniai;Papua-at-large;Papua-at-large;No Change
94;9411;9411;Papua;Puncak Jaya;Puncak Jaya;Papua-at-large;Papua-at-large;No Change
94;9412;9412;Papua;Mimika;Mimika;Papua-at-large;Papua-at-large;No Change
94;9413;9413;Papua;Boven Digoel;Boven Digoel;Papua-at-large;Papua-at-large;No Change
94;9414;9414;Papua;Mappi;Mappi;Papua-at-large;Papua-at-large;No Change
94;9415;9415;Papua;Asmat;Asmat;Papua-at-large;Papua-at-large;No Change
94;9416;9416;Papua;Yahukimo;Yahukimo;Papua-at-large;Papua-at-large;No Change
94;9417;9417;Papua;Pegunungan Bintang;Pegunungan Bintang;Papua-at-large;Papua-at-large;No Change
94;9418;9418;Papua;Tolikara;Tolikara;Papua-at-large;Papua-at-large;No Change
94;9419;9419;Papua;Sarmi;Sarmi;Papua-at-large;Papua-at-large;No Change
94;9420;9420;Papua;Keerom;Keerom;Papua-at-large;Papua-at-large;No Change
94;9426;9426;Papua;Waropen;Waropen;Papua-at-large;Papua-at-large;No Change
94;9427;9427;Papua;Supiori;Supiori;Papua-at-large;Papua-at-large;No Change
94;9428;9428;Papua;Mamberamo Raya;Mamberamo Raya;Papua-at-large;Papua-at-large;No Change
94;9429;9429;Papua;Nduga;Nduga;Papua-at-large;Papua-at-large;No Change
94;9430;9430;Papua;Lanny Jaya;Lanny Jaya;Papua-at-large;Papua-at-large;No Change
94;9431;9431;Papua;Mamberamo Tengah;Mamberamo Tengah;Papua-at-large;Papua-at-large;No Change
94;9432;9432;Papua;Yalimo;Yalimo;Papua-at-large;Papua-at-large;No Change
94;9433;9433;Papua;Puncak;Puncak;Papua-at-large;Papua-at-large;No Change
94;9434;9434;Papua;Dogiyai;Dogiyai;Papua-at-large;Papua-at-large;No Change
94;9435;9435;Papua;Intan Jaya;Intan Jaya;Papua-at-large;Papua-at-large;No Change
94;9436;9436;Papua;Deiyai;Deiyai;Papua-at-large;Papua-at-large;No Change
94;9471;9471;Papua;Jayapura;Jayapura;Papua-at-large;Papua-at-large;No Change